[
  {
    "type": "log",
    "message": "[vite] connecting... (http://localhost:5173/MDLH_Dictionary/@vite/client:495)",
    "timestamp": 1764956934278
  },
  {
    "type": "log",
    "message": "[vite] connected. (http://localhost:5173/MDLH_Dictionary/@vite/client:618)",
    "timestamp": 1764956934291
  },
  {
    "type": "warning",
    "message": "%cDownload the React DevTools for a better development experience: https://reactjs.org/link/react-devtools font-weight:bold (http://localhost:5173/MDLH_Dictionary/node_modules/.vite/deps/chunk-BCXODTBQ.js?v=beeef18a:21549)",
    "timestamp": 1764956934307
  },
  {
    "type": "warning",
    "message": "[useConnection] testConnection() called (http://localhost:5173/MDLH_Dictionary/src/hooks/useSnowflake.js:98)",
    "timestamp": 1764956934341
  },
  {
    "type": "warning",
    "message": "[useConnection] getStoredSession() - raw value: NULL (http://localhost:5173/MDLH_Dictionary/src/hooks/useSnowflake.js:78)",
    "timestamp": 1764956934342
  },
  {
    "type": "warning",
    "message": "[useConnection] testConnection() - stored session: {\"hasSession\":false,\"hasSessionId\":false,\"sessionIdPrefix\":\"N/A\",\"database\":\"N/A\",\"keys\":[]} (http://localhost:5173/MDLH_Dictionary/src/hooks/useSnowflake.js:103)",
    "timestamp": 1764956934342
  },
  {
    "type": "warning",
    "message": "[useConnection] No valid session - setting connected=false (http://localhost:5173/MDLH_Dictionary/src/hooks/useSnowflake.js:154)",
    "timestamp": 1764956934342
  },
  {
    "type": "warning",
    "message": "[App] Connection status: Not connected (no session) (http://localhost:5173/MDLH_Dictionary/src/App.jsx:696)",
    "timestamp": 1764956934342
  },
  {
    "type": "warning",
    "message": "[useConnection] testConnection() called (http://localhost:5173/MDLH_Dictionary/src/hooks/useSnowflake.js:98)",
    "timestamp": 1764956934342
  },
  {
    "type": "warning",
    "message": "[useConnection] getStoredSession() - raw value: NULL (http://localhost:5173/MDLH_Dictionary/src/hooks/useSnowflake.js:78)",
    "timestamp": 1764956934342
  },
  {
    "type": "warning",
    "message": "[useConnection] testConnection() - stored session: {\"hasSession\":false,\"hasSessionId\":false,\"sessionIdPrefix\":\"N/A\",\"database\":\"N/A\",\"keys\":[]} (http://localhost:5173/MDLH_Dictionary/src/hooks/useSnowflake.js:103)",
    "timestamp": 1764956934342
  },
  {
    "type": "warning",
    "message": "[useConnection] No valid session - setting connected=false (http://localhost:5173/MDLH_Dictionary/src/hooks/useSnowflake.js:154)",
    "timestamp": 1764956934342
  },
  {
    "type": "warning",
    "message": "[App] Connection status: Not connected (no session) (http://localhost:5173/MDLH_Dictionary/src/App.jsx:696)",
    "timestamp": 1764956934342
  },
  {
    "type": "warning",
    "message": "[useConnection] testConnection() called (http://localhost:5173/MDLH_Dictionary/src/hooks/useSnowflake.js:98)",
    "timestamp": 1764956989103
  },
  {
    "type": "warning",
    "message": "[useConnection] getStoredSession() - raw value: NULL (http://localhost:5173/MDLH_Dictionary/src/hooks/useSnowflake.js:78)",
    "timestamp": 1764956989104
  },
  {
    "type": "warning",
    "message": "[useConnection] testConnection() - stored session: {\"hasSession\":false,\"hasSessionId\":false,\"sessionIdPrefix\":\"N/A\",\"database\":\"N/A\",\"keys\":[]} (http://localhost:5173/MDLH_Dictionary/src/hooks/useSnowflake.js:103)",
    "timestamp": 1764956989104
  },
  {
    "type": "warning",
    "message": "[useConnection] No valid session - setting connected=false (http://localhost:5173/MDLH_Dictionary/src/hooks/useSnowflake.js:154)",
    "timestamp": 1764956989104
  },
  {
    "type": "warning",
    "message": "[useConnection] testConnection() called (http://localhost:5173/MDLH_Dictionary/src/hooks/useSnowflake.js:98)",
    "timestamp": 1764956989104
  },
  {
    "type": "warning",
    "message": "[useConnection] getStoredSession() - raw value: NULL (http://localhost:5173/MDLH_Dictionary/src/hooks/useSnowflake.js:78)",
    "timestamp": 1764956989104
  },
  {
    "type": "warning",
    "message": "[useConnection] testConnection() - stored session: {\"hasSession\":false,\"hasSessionId\":false,\"sessionIdPrefix\":\"N/A\",\"database\":\"N/A\",\"keys\":[]} (http://localhost:5173/MDLH_Dictionary/src/hooks/useSnowflake.js:103)",
    "timestamp": 1764956989104
  },
  {
    "type": "warning",
    "message": "[useConnection] No valid session - setting connected=false (http://localhost:5173/MDLH_Dictionary/src/hooks/useSnowflake.js:154)",
    "timestamp": 1764956989104
  },
  {
    "type": "warning",
    "message": "[ConnectionModal] Session saved to sessionStorage: [object Object] (http://localhost:5173/MDLH_Dictionary/src/components/ConnectionModal.jsx:147)",
    "timestamp": 1764957078831
  },
  {
    "type": "warning",
    "message": "[ConnectionModal] Session verification: SAVED (http://localhost:5173/MDLH_Dictionary/src/components/ConnectionModal.jsx:154)",
    "timestamp": 1764957078831
  },
  {
    "type": "warning",
    "message": "[App] Session change event received: [object Object] (http://localhost:5173/MDLH_Dictionary/src/App.jsx:732)",
    "timestamp": 1764957078831
  },
  {
    "type": "warning",
    "message": "[ConnectionModal] Dispatched snowflake-session-changed event (http://localhost:5173/MDLH_Dictionary/src/components/ConnectionModal.jsx:158)",
    "timestamp": 1764957078831
  },
  {
    "type": "warning",
    "message": "[tableDiscovery] getSessionId() - raw storage: EXISTS (http://localhost:5173/MDLH_Dictionary/src/utils/tableDiscovery.js:25)",
    "timestamp": 1764957078843
  },
  {
    "type": "warning",
    "message": "[tableDiscovery] getSessionId() - parsed: [object Object] (http://localhost:5173/MDLH_Dictionary/src/utils/tableDiscovery.js:30)",
    "timestamp": 1764957078843
  },
  {
    "type": "warning",
    "message": "[App] Connection status: Connected (session valid) (http://localhost:5173/MDLH_Dictionary/src/App.jsx:711)",
    "timestamp": 1764957079143
  },
  {
    "type": "warning",
    "message": "[Discovery] Found 319 tables in FIELD_METADATA.PUBLIC (http://localhost:5173/MDLH_Dictionary/src/utils/tableDiscovery.js:83)",
    "timestamp": 1764957080538
  },
  {
    "type": "warning",
    "message": "[App] Discovered 319 tables (http://localhost:5173/MDLH_Dictionary/src/App.jsx:751)",
    "timestamp": 1764957080538
  },
  {
    "type": "warning",
    "message": "[App] Query validation: 38 valid, 1 invalid, 1 auto-fixed (http://localhost:5173/MDLH_Dictionary/src/App.jsx:763)",
    "timestamp": 1764957080540
  },
  {
    "type": "warning",
    "message": "[App] Running batch validation on 15 queries... (http://localhost:5173/MDLH_Dictionary/src/App.jsx:796)",
    "timestamp": 1764957080550
  },
  {
    "type": "warning",
    "message": "[useConnection] testConnection() called (http://localhost:5173/MDLH_Dictionary/src/hooks/useSnowflake.js:98)",
    "timestamp": 1764957149306
  },
  {
    "type": "warning",
    "message": "[useConnection] getStoredSession() - raw value: {\"sessionId\":\"498ba005-ccfd-4077-a4b0-c6a2d3a315e4... (http://localhost:5173/MDLH_Dictionary/src/hooks/useSnowflake.js:78)",
    "timestamp": 1764957149307
  },
  {
    "type": "warning",
    "message": "[useConnection] getStoredSession() - parsed: {\"hasSessionId\":true,\"sessionIdPrefix\":\"498ba005\",\"keys\":[\"sessionId\",\"user\",\"warehouse\",\"database\",\"schema\",\"role\",\"timestamp\"]} (http://localhost:5173/MDLH_Dictionary/src/hooks/useSnowflake.js:82)",
    "timestamp": 1764957149307
  },
  {
    "type": "warning",
    "message": "[useConnection] testConnection() - stored session: {\"hasSession\":true,\"hasSessionId\":true,\"sessionIdPrefix\":\"498ba005\",\"database\":\"ATLAN_MDLH\",\"keys\":[\"sessionId\",\"user\",\"warehouse\",\"database\",\"schema\",\"role\",\"timestamp\"]} (http://localhost:5173/MDLH_Dictionary/src/hooks/useSnowflake.js:103)",
    "timestamp": 1764957149307
  },
  {
    "type": "warning",
    "message": "[useConnection] Checking session status with backend... (http://localhost:5173/MDLH_Dictionary/src/hooks/useSnowflake.js:113)",
    "timestamp": 1764957149307
  },
  {
    "type": "warning",
    "message": "[useConnection] testConnection() called (http://localhost:5173/MDLH_Dictionary/src/hooks/useSnowflake.js:98)",
    "timestamp": 1764957149307
  },
  {
    "type": "warning",
    "message": "[useConnection] getStoredSession() - raw value: {\"sessionId\":\"498ba005-ccfd-4077-a4b0-c6a2d3a315e4... (http://localhost:5173/MDLH_Dictionary/src/hooks/useSnowflake.js:78)",
    "timestamp": 1764957149307
  },
  {
    "type": "warning",
    "message": "[useConnection] getStoredSession() - parsed: {\"hasSessionId\":true,\"sessionIdPrefix\":\"498ba005\",\"keys\":[\"sessionId\",\"user\",\"warehouse\",\"database\",\"schema\",\"role\",\"timestamp\"]} (http://localhost:5173/MDLH_Dictionary/src/hooks/useSnowflake.js:82)",
    "timestamp": 1764957149307
  },
  {
    "type": "warning",
    "message": "[useConnection] testConnection() - stored session: {\"hasSession\":true,\"hasSessionId\":true,\"sessionIdPrefix\":\"498ba005\",\"database\":\"ATLAN_MDLH\",\"keys\":[\"sessionId\",\"user\",\"warehouse\",\"database\",\"schema\",\"role\",\"timestamp\"]} (http://localhost:5173/MDLH_Dictionary/src/hooks/useSnowflake.js:103)",
    "timestamp": 1764957149307
  },
  {
    "type": "warning",
    "message": "[useConnection] Checking session status with backend... (http://localhost:5173/MDLH_Dictionary/src/hooks/useSnowflake.js:113)",
    "timestamp": 1764957149307
  },
  {
    "type": "warning",
    "message": "[useConnection] Session check error - removing from storage (http://localhost:5173/MDLH_Dictionary/src/hooks/useSnowflake.js:149)",
    "timestamp": 1764957159310
  },
  {
    "type": "warning",
    "message": "[useConnection] No valid session - setting connected=false (http://localhost:5173/MDLH_Dictionary/src/hooks/useSnowflake.js:154)",
    "timestamp": 1764957159310
  },
  {
    "type": "warning",
    "message": "[useConnection] Session check error - removing from storage (http://localhost:5173/MDLH_Dictionary/src/hooks/useSnowflake.js:149)",
    "timestamp": 1764957159310
  },
  {
    "type": "warning",
    "message": "[useConnection] No valid session - setting connected=false (http://localhost:5173/MDLH_Dictionary/src/hooks/useSnowflake.js:154)",
    "timestamp": 1764957159310
  }
]

